assertion_id,band,calibration,ctas_received_at,detection,difference_photometry,exposure_seconds,flux,flux_error,flux_unit,instrument,jd,limiting_magnitude,magnitude_system,mjd,observed_at,original_band,original_time,photometry_method,pipeline,provider,provider_observation_id,quality_flags,signal_to_noise,source_record_id,source_url,summary,superseded,telescope,magnitude,magnitude_error
2d25d336-3b43-4a48-909c-6da11e430964,o,ATLAS Refcat2 image zeropoint,2026-08-26T21:00:20.792847Z,0,1,30.0,-2.0,14.0,uJy,tphot PSF fitting,2461246.591233,19.841876774005247,AB,61246.091233,2026-07-25T02:11:22.531200Z,o,2026-07-25 02:11:22.531200+00:00,forced-psf,ATLAS forced-photometry service,atlas,atlas-forced:85caf82f2b86e124984984015471387b,"[""low-snr"",""negative-difference-flux"",""southern-template-discontinuity-caution""]",-0.14285714285714285,a9838eb6-94af-482f-965a-d08ec61661c8,https://fallingstar-data.com/forcedphot/resultdesc/,ATLAS tphot forced difference-flux measurement; source exposure 03a61246o0844o; chi/N=1.18; source mag5sig=19.23,0,ATLAS,,
4d0e64ba-a7f6-42ab-9766-be48c8fbd1aa,o,ATLAS Refcat2 image zeropoint,2026-08-26T21:00:20.837452Z,0,1,30.0,-24.0,15.0,uJy,tphot PSF fitting,2461246.594392,19.76696871556164,AB,61246.094392,2026-07-25T02:15:55.468800Z,o,2026-07-25 02:15:55.468800+00:00,forced-psf,ATLAS forced-photometry service,atlas,atlas-forced:a1ed7e024144d45bd37ca58aebb674d5,"[""low-snr"",""negative-difference-flux"",""southern-template-discontinuity-caution""]",-1.6,c90d05d5-5647-44db-b0d4-3646ed7e8158,https://fallingstar-data.com/forcedphot/resultdesc/,ATLAS tphot forced difference-flux measurement; source exposure 03a61246o0851o; chi/N=0.65; source mag5sig=19.22,0,ATLAS,,
0f9de4a7-0916-46c3-b511-232b1ee0f0fb,o,ATLAS Refcat2 image zeropoint,2026-08-26T21:00:20.845476Z,0,1,30.0,12.0,13.0,uJy,tphot PSF fitting,2461246.600308,19.92233848243375,AB,61246.100308,2026-07-25T02:24:26.611200Z,o,2026-07-25 02:24:26.611200+00:00,forced-psf,ATLAS forced-photometry service,atlas,atlas-forced:3d4b867f8f3f4a6f17e945e1eb14d4d7,"[""low-snr"",""southern-template-discontinuity-caution""]",0.9230769230769231,1cf6252f-799b-4373-b1cb-3a83ee414d0c,https://fallingstar-data.com/forcedphot/resultdesc/,ATLAS tphot forced difference-flux measurement; source exposure 03a61246o0864o; chi/N=1.12; source mag5sig=19.38,0,ATLAS,,
e4ce9f56-74c6-4435-808f-3623b9865ada,o,ATLAS Refcat2 image zeropoint,2026-08-26T21:00:20.853055Z,0,1,30.0,21.0,12.0,uJy,tphot PSF fitting,2461246.609452,20.00924374808178,AB,61246.109452,2026-07-25T02:37:36.652800Z,o,2026-07-25 02:37:36.652800+00:00,forced-psf,ATLAS forced-photometry service,atlas,atlas-forced:30b302ccccb4b8e7ef1fc3db3d2ff7fc,"[""low-snr"",""southern-template-discontinuity-caution""]",1.75,bcd2f657-ed35-458c-951d-93bbb135476a,https://fallingstar-data.com/forcedphot/resultdesc/,ATLAS tphot forced difference-flux measurement; source exposure 03a61246o0884o; chi/N=0.91; source mag5sig=19.49,0,ATLAS,,
9a80d1ff-72f8-419b-83e9-3c82b1c01883,o,ATLAS Refcat2 image zeropoint,2026-08-26T21:00:20.860662Z,0,1,30.0,-8.0,23.0,uJy,tphot PSF fitting,2461248.597427,19.30287727315686,AB,61248.097427,2026-07-27T02:20:17.692800Z,o,2026-07-27 02:20:17.692800+00:00,forced-psf,ATLAS forced-photometry service,atlas,atlas-forced:d70e68c2d5c98c5c711b637b18f2e04b,"[""low-snr"",""negative-difference-flux"",""southern-template-discontinuity-caution""]",-0.34782608695652173,17ef9429-242a-4d1b-a998-fcde115025bd,https://fallingstar-data.com/forcedphot/resultdesc/,ATLAS tphot forced difference-flux measurement; source exposure 03a61248o0877o; chi/N=1.11; source mag5sig=18.78,0,ATLAS,,
bce45917-5639-466f-8fe8-bb0ce33df4e7,o,ATLAS Refcat2 image zeropoint,2026-08-26T21:00:20.868169Z,0,1,30.0,-5.0,27.0,uJy,tphot PSF fitting,2461248.598781,19.128787452803373,AB,61248.098781,2026-07-27T02:22:14.678400Z,o,2026-07-27 02:22:14.678400+00:00,forced-psf,ATLAS forced-photometry service,atlas,atlas-forced:acde9dccf27e40b0fdd7ce1fe07c3c7e,"[""low-snr"",""negative-difference-flux"",""southern-template-discontinuity-caution""]",-0.18518518518518517,89063a8b-d5d3-472d-b00d-f86e46d1c34a,https://fallingstar-data.com/forcedphot/resultdesc/,ATLAS tphot forced difference-flux measurement; source exposure 03a61248o0880o; chi/N=0.83; source mag5sig=18.71,0,ATLAS,,
ac011771-c4bf-40cc-9f28-6e03df077146,o,ATLAS Refcat2 image zeropoint,2026-08-26T21:00:20.874966Z,0,1,30.0,-6.0,21.0,uJy,tphot PSF fitting,2461248.600598,19.401648626366043,AB,61248.100598,2026-07-27T02:24:51.667200Z,o,2026-07-27 02:24:51.667200+00:00,forced-psf,ATLAS forced-photometry service,atlas,atlas-forced:a50ac2876e221ba5830ac84ba8038a6f,"[""low-snr"",""negative-difference-flux"",""southern-template-discontinuity-caution""]",-0.2857142857142857,3489e872-0970-4deb-8e05-94025c3d01e5,https://fallingstar-data.com/forcedphot/resultdesc/,ATLAS tphot forced difference-flux measurement; source exposure 03a61248o0884o; chi/N=1.75; source mag5sig=18.78,0,ATLAS,,
963c46de-c9a0-4739-8b9c-3c38ecbc9f54,o,ATLAS Refcat2 image zeropoint,2026-08-26T21:00:20.881593Z,0,1,30.0,11.0,22.0,uJy,tphot PSF fitting,2461248.601958,19.351140161145327,AB,61248.101958,2026-07-27T02:26:49.171200Z,o,2026-07-27 02:26:49.171200+00:00,forced-psf,ATLAS forced-photometry service,atlas,atlas-forced:7a13dde17d3aa874d341648b87ad5055,"[""low-snr"",""southern-template-discontinuity-caution""]",0.5,a4f2d861-81ee-4fab-bd4d-227344154dc4,https://fallingstar-data.com/forcedphot/resultdesc/,ATLAS tphot forced difference-flux measurement; source exposure 03a61248o0887o; chi/N=1.7; source mag5sig=18.73,0,ATLAS,,
83573896-127c-4abd-863a-aa2c36bc3384,o,ATLAS Refcat2 image zeropoint,2026-08-26T21:00:20.888881Z,0,1,30.0,13.0,18.0,uJy,tphot PSF fitting,2461248.607095,19.569015600442576,AB,61248.107095,2026-07-27T02:34:13.008000Z,o,2026-07-27 02:34:13.008000+00:00,forced-psf,ATLAS forced-photometry service,atlas,atlas-forced:4197aab02ddcba449628a56267e9d841,"[""low-snr"",""southern-template-discontinuity-caution""]",0.7222222222222222,d39fbaae-af33-4242-a9d7-55aca9006c25,https://fallingstar-data.com/forcedphot/resultdesc/,ATLAS tphot forced difference-flux measurement; source exposure 03a61248o0898o; chi/N=1.92; source mag5sig=18.85,0,ATLAS,,
95f2cc98-f068-4496-9854-5d17b0407e27,o,ATLAS Refcat2 image zeropoint,2026-08-26T21:00:20.895493Z,0,1,30.0,2.0,20.0,uJy,tphot PSF fitting,2461248.613179,19.45462187404089,AB,61248.113179,2026-07-27T02:42:58.665600Z,o,2026-07-27 02:42:58.665600+00:00,forced-psf,ATLAS forced-photometry service,atlas,atlas-forced:ff9bb8ef53c141a0c827cb2be9615902,"[""low-snr"",""southern-template-discontinuity-caution""]",0.1,f2629eb2-564e-4a18-9877-d07a62f95164,https://fallingstar-data.com/forcedphot/resultdesc/,ATLAS tphot forced difference-flux measurement; source exposure 03a61248o0911o; chi/N=1.26; source mag5sig=18.79,0,ATLAS,,
0add71c0-fbc2-4d02-b76a-a53ae0af95ad,o,ATLAS Refcat2 image zeropoint,2026-08-26T21:00:20.902298Z,0,1,30.0,0.0,25.0,uJy,tphot PSF fitting,2461248.615067,19.21234684152075,AB,61248.115067,2026-07-27T02:45:41.788800Z,o,2026-07-27 02:45:41.788800+00:00,forced-psf,ATLAS forced-photometry service,atlas,atlas-forced:b4d6d7084d4316bdaaf3d29ee1187a07,"[""low-snr"",""southern-template-discontinuity-caution""]",0.0,a40a79a7-205c-416f-badb-a9363bf27fc8,https://fallingstar-data.com/forcedphot/resultdesc/,ATLAS tphot forced difference-flux measurement; source exposure 03a61248o0915o; chi/N=0.93; source mag5sig=18.85,0,ATLAS,,
c46622bb-f1da-491c-9476-6145d4de9a23,o,ATLAS Refcat2 image zeropoint,2026-08-26T21:00:20.909756Z,0,1,30.0,35.0,20.0,uJy,tphot PSF fitting,2461248.616884,19.45462187404089,AB,61248.116884,2026-07-27T02:48:18.777600Z,o,2026-07-27 02:48:18.777600+00:00,forced-psf,ATLAS forced-photometry service,atlas,atlas-forced:53ffd01ea5abf286a0b3b73fc68fa36b,"[""low-snr"",""southern-template-discontinuity-caution""]",1.75,071cccf7-f125-4530-bf7e-0cb586d99e11,https://fallingstar-data.com/forcedphot/resultdesc/,ATLAS tphot forced difference-flux measurement; source exposure 03a61248o0919o; chi/N=1.01; source mag5sig=18.84,0,ATLAS,,
b5a7ab21-b9a0-4d59-9218-5793663e375c,o,ATLAS Refcat2 image zeropoint,2026-08-26T21:00:20.916690Z,0,1,30.0,-24.0,19.0,uJy,tphot PSF fitting,2461254.603004,19.51031286081877,AB,61254.103004,2026-08-02T02:28:19.545600Z,o,2026-08-02 02:28:19.545600+00:00,forced-psf,ATLAS forced-photometry service,atlas,atlas-forced:79f8163c3eb368b3a0b93149de91250e,"[""low-snr"",""negative-difference-flux"",""southern-template-discontinuity-caution""]",-1.263157894736842,88be83b6-5855-4ef2-b3a4-28e4a334d8fe,https://fallingstar-data.com/forcedphot/resultdesc/,ATLAS tphot forced difference-flux measurement; source exposure 03a61254o0894o; chi/N=1.04; source mag5sig=18.98,0,ATLAS,,
0004f189-d8a2-4c67-ab6c-fdf316f944d5,o,ATLAS Refcat2 image zeropoint,2026-08-26T21:00:20.923694Z,0,1,30.0,26.0,20.0,uJy,tphot PSF fitting,2461254.606176,19.45462187404089,AB,61254.106176,2026-08-02T02:32:53.606400Z,o,2026-08-02 02:32:53.606400+00:00,forced-psf,ATLAS forced-photometry service,atlas,atlas-forced:dec6eeb152211ebad8f1b10bed7f03ec,"[""low-snr"",""southern-template-discontinuity-caution""]",1.3,88c2dd62-7b51-41df-b975-f734fc530a9f,https://fallingstar-data.com/forcedphot/resultdesc/,ATLAS tphot forced difference-flux measurement; source exposure 03a61254o0901o; chi/N=1.04; source mag5sig=18.92,0,ATLAS,,
3df0b94f-725e-4f7b-9e27-95446a53f968,o,ATLAS Refcat2 image zeropoint,2026-08-26T21:00:20.930653Z,0,1,30.0,-15.0,18.0,uJy,tphot PSF fitting,2461254.608953,19.569015600442576,AB,61254.108953,2026-08-02T02:36:53.539200Z,o,2026-08-02 02:36:53.539200+00:00,forced-psf,ATLAS forced-photometry service,atlas,atlas-forced:889446624665f1174721ad6822708620,"[""low-snr"",""negative-difference-flux"",""southern-template-discontinuity-caution""]",-0.8333333333333334,79551ddb-d42e-4ac5-9811-76fe42cf9901,https://fallingstar-data.com/forcedphot/resultdesc/,ATLAS tphot forced difference-flux measurement; source exposure 03a61254o0907o; chi/N=1.07; source mag5sig=18.99,0,ATLAS,,
29b67f78-7d56-4f7c-afb2-9a752d1c6c99,o,ATLAS Refcat2 image zeropoint,2026-08-26T21:00:20.937769Z,0,1,30.0,-2.0,17.0,uJy,tphot PSF fitting,2461254.618978,19.631074559755156,AB,61254.118978,2026-08-02T02:51:19.699200Z,o,2026-08-02 02:51:19.699200+00:00,forced-psf,ATLAS forced-photometry service,atlas,atlas-forced:41b3a741c20c2685ebb39b754d1647a5,"[""low-snr"",""negative-difference-flux"",""southern-template-discontinuity-caution""]",-0.11764705882352941,14fdb0ea-d332-4219-92a2-73dbc6faee27,https://fallingstar-data.com/forcedphot/resultdesc/,ATLAS tphot forced difference-flux measurement; source exposure 03a61254o0928o; chi/N=0.96; source mag5sig=18.98,0,ATLAS,,
5c83e0ee-f73a-4af2-be0c-326bf694c8cb,o,ATLAS Refcat2 image zeropoint,2026-08-26T21:00:20.944793Z,0,1,30.0,-20.0,16.0,uJy,tphot PSF fitting,2461260.626081,19.69689690656103,AB,61260.126081,2026-08-08T03:01:33.398400Z,o,2026-08-08 03:01:33.398400+00:00,forced-psf,ATLAS forced-photometry service,atlas,atlas-forced:c23e66d311704ac12d82ebaa2125f949,"[""low-snr"",""negative-difference-flux"",""southern-template-discontinuity-caution""]",-1.25,d013fdf4-21c1-4bc9-82ee-6766188615e7,https://fallingstar-data.com/forcedphot/resultdesc/,ATLAS tphot forced difference-flux measurement; source exposure 03a61260o0913o; chi/N=1.03; source mag5sig=19.2,0,ATLAS,,
dd94ac9a-c620-4d1c-a64c-a2f3552e9930,o,ATLAS Refcat2 image zeropoint,2026-08-26T21:00:20.951531Z,0,1,30.0,16.0,13.0,uJy,tphot PSF fitting,2461260.636931,19.92233848243375,AB,61260.136931,2026-08-08T03:17:10.838400Z,o,2026-08-08 03:17:10.838400+00:00,forced-psf,ATLAS forced-photometry service,atlas,atlas-forced:d99fad75f4bdc8bc114fe9f975f64f60,"[""low-snr"",""southern-template-discontinuity-caution""]",1.2307692307692308,fc2b9b7c-62b9-45f7-beef-c7f8a0f00855,https://fallingstar-data.com/forcedphot/resultdesc/,ATLAS tphot forced difference-flux measurement; source exposure 03a61260o0937o; chi/N=1.23; source mag5sig=19.35,0,ATLAS,,
352315ab-4d0b-4d5d-a49d-a2a0eb45a508,o,ATLAS Refcat2 image zeropoint,2026-08-26T21:00:20.958320Z,0,1,30.0,-1.0,13.0,uJy,tphot PSF fitting,2461260.640097,19.92233848243375,AB,61260.140097,2026-08-08T03:21:44.380800Z,o,2026-08-08 03:21:44.380800+00:00,forced-psf,ATLAS forced-photometry service,atlas,atlas-forced:8bcfdb535e116406bceecdbced58f00e,"[""low-snr"",""negative-difference-flux"",""southern-template-discontinuity-caution""]",-0.07692307692307693,23e0e4e3-afbe-4c3b-8713-b67738853867,https://fallingstar-data.com/forcedphot/resultdesc/,ATLAS tphot forced difference-flux measurement; source exposure 03a61260o0944o; chi/N=1.12; source mag5sig=19.37,0,ATLAS,,
f6c5c11b-13c8-4b37-8637-a6a9e8fc833e,o,ATLAS Refcat2 image zeropoint,2026-08-26T21:00:20.964933Z,0,1,30.0,8.0,12.0,uJy,tphot PSF fitting,2461260.642833,20.00924374808178,AB,61260.142833,2026-08-08T03:25:40.771200Z,o,2026-08-08 03:25:40.771200+00:00,forced-psf,ATLAS forced-photometry service,atlas,atlas-forced:2820b43dd274c1b8e3daf06283916c81,"[""low-snr"",""southern-template-discontinuity-caution""]",0.6666666666666666,978d9387-f3c5-44aa-8dc0-35519a397ec3,https://fallingstar-data.com/forcedphot/resultdesc/,ATLAS tphot forced difference-flux measurement; source exposure 03a61260o0950o; chi/N=1.01; source mag5sig=19.38,0,ATLAS,,
acc8fbe2-8610-401e-8536-33c14b4e20bc,o,ATLAS Refcat2 image zeropoint,2026-08-26T21:00:20.971286Z,1,1,30.0,61.0,12.0,uJy,tphot PSF fitting,2461266.619868,,AB,61266.119868,2026-08-14T02:52:36.595200Z,o,2026-08-14 02:52:36.595200+00:00,forced-psf,ATLAS forced-photometry service,atlas,atlas-forced:98bd85d449e8eca027c03a419c4c7f0e,"[""southern-template-discontinuity-caution""]",5.083333333333333,e6b998ba-b53e-446b-9e1a-452084db97fb,https://fallingstar-data.com/forcedphot/resultdesc/,ATLAS tphot forced difference-flux measurement; source exposure 03a61266o0917o; chi/N=1.34; source mag5sig=19.33,0,ATLAS,19.432,0.196
efea00c7-8adb-4888-8898-e895108564a6,o,ATLAS Refcat2 image zeropoint,2026-08-26T21:00:20.977999Z,1,1,30.0,54.0,15.0,uJy,tphot PSF fitting,2461266.62167,,AB,61266.12167,2026-08-14T02:55:12.288000Z,o,2026-08-14 02:55:12.288000+00:00,forced-psf,ATLAS forced-photometry service,atlas,atlas-forced:e9f036441273c29607c59241eb8688be,"[""southern-template-discontinuity-caution""]",3.6,784c4f5f-f20b-4bdf-9506-6d540886f351,https://fallingstar-data.com/forcedphot/resultdesc/,ATLAS tphot forced difference-flux measurement; source exposure 03a61266o0921o; chi/N=1.04; source mag5sig=19.27,0,ATLAS,19.579,0.284
be59cf09-b753-47a6-a0fe-079acc14d77a,o,ATLAS Refcat2 image zeropoint,2026-08-26T21:00:20.984373Z,1,1,30.0,64.0,15.0,uJy,tphot PSF fitting,2461266.624868,,AB,61266.124868,2026-08-14T02:59:48.595200Z,o,2026-08-14 02:59:48.595200+00:00,forced-psf,ATLAS forced-photometry service,atlas,atlas-forced:d1d259c39c0c13d00e3d280cd37933e8,"[""southern-template-discontinuity-caution""]",4.266666666666667,f2497faf-e6de-4871-bef0-c0201d781bda,https://fallingstar-data.com/forcedphot/resultdesc/,ATLAS tphot forced difference-flux measurement; source exposure 03a61266o0928o; chi/N=1.01; source mag5sig=19.33,0,ATLAS,19.38,0.228
8db4b300-9fec-44be-a351-3e189b39a4cd,o,ATLAS Refcat2 image zeropoint,2026-08-26T21:00:20.992165Z,0,1,30.0,39.0,14.0,uJy,tphot PSF fitting,2461266.648145,19.841876774005247,AB,61266.148145,2026-08-14T03:33:19.728000Z,o,2026-08-14 03:33:19.728000+00:00,forced-psf,ATLAS forced-photometry service,atlas,atlas-forced:a3de2756c3bd0e864bbf4ccab7124dde,"[""low-snr"",""southern-template-discontinuity-caution""]",2.7857142857142856,83ce4f23-9210-47ff-85e0-796d512845bc,https://fallingstar-data.com/forcedphot/resultdesc/,ATLAS tphot forced difference-flux measurement; source exposure 03a61266o0979o; chi/N=1.26; source mag5sig=19.24,0,ATLAS,,
a83cde4e-bb52-4b8b-b49b-50cd27ec038c,o,ATLAS Refcat2 image zeropoint,2026-08-26T21:00:21.007262Z,1,1,30.0,66.0,14.0,uJy,tphot PSF fitting,2461275.549917,,AB,61275.049917,2026-08-23T01:11:52.828800Z,o,2026-08-23 01:11:52.828800+00:00,forced-psf,ATLAS forced-photometry service,atlas,atlas-forced:f40be35fda3529df803f58b7256a1ac2,"[""southern-template-discontinuity-caution""]",4.714285714285714,84e54120-acd3-4aac-a985-382fe6ea5ffb,https://fallingstar-data.com/forcedphot/resultdesc/,ATLAS tphot forced difference-flux measurement; source exposure 03a61275o0735o; chi/N=1.07; source mag5sig=19.34,0,ATLAS,19.344,0.21
a68142eb-84b3-4e02-b7ad-e71fa6a97642,o,ATLAS Refcat2 image zeropoint,2026-08-26T21:00:21.015825Z,1,1,30.0,58.0,14.0,uJy,tphot PSF fitting,2461275.55217,,AB,61275.05217,2026-08-23T01:15:07.488000Z,o,2026-08-23 01:15:07.488000+00:00,forced-psf,ATLAS forced-photometry service,atlas,atlas-forced:a4d3490b1c696fe8c7adeb0c4db508f6,"[""southern-template-discontinuity-caution""]",4.142857142857143,8f3f8ff1-dbda-4c0f-9d7e-dc6faed4a3ed,https://fallingstar-data.com/forcedphot/resultdesc/,ATLAS tphot forced difference-flux measurement; source exposure 03a61275o0740o; chi/N=1.32; source mag5sig=19.31,0,ATLAS,19.486,0.243
35f9b729-8520-4b39-b4a2-c78f7674c574,o,ATLAS Refcat2 image zeropoint,2026-08-26T21:00:21.024862Z,1,1,30.0,54.0,14.0,uJy,tphot PSF fitting,2461275.562912,,AB,61275.062912,2026-08-23T01:30:35.596800Z,o,2026-08-23 01:30:35.596800+00:00,forced-psf,ATLAS forced-photometry service,atlas,atlas-forced:6ecf015869aafa88181030bd270a00ec,"[""southern-template-discontinuity-caution""]",3.857142857142857,11977d2a-bdb4-4d19-94aa-146a07dca6c8,https://fallingstar-data.com/forcedphot/resultdesc/,ATLAS tphot forced difference-flux measurement; source exposure 03a61275o0763o; chi/N=1.15; source mag5sig=19.35,0,ATLAS,19.559,0.256
edf0057e-f495-446d-a453-96d14c75a1e0,o,ATLAS Refcat2 image zeropoint,2026-08-26T21:00:21.034274Z,0,1,30.0,46.0,16.0,uJy,tphot PSF fitting,2461275.567498,19.69689690656103,AB,61275.067498,2026-08-23T01:37:11.827200Z,o,2026-08-23 01:37:11.827200+00:00,forced-psf,ATLAS forced-photometry service,atlas,atlas-forced:514368004213656160800f190d185e47,"[""low-snr"",""southern-template-discontinuity-caution""]",2.875,c08d7064-dfaa-497d-a3c8-c628109a1016,https://fallingstar-data.com/forcedphot/resultdesc/,ATLAS tphot forced difference-flux measurement; source exposure 03a61275o0773o; chi/N=0.73; source mag5sig=19.29,0,ATLAS,,
63c69512-d5f6-494e-ac84-c9e70b5a42a4,o,ATLAS Refcat2 image zeropoint,2026-08-26T21:00:21.043655Z,1,1,30.0,88.0,13.0,uJy,tphot PSF fitting,2461275.573155,,AB,61275.073155,2026-08-23T01:45:20.592000Z,o,2026-08-23 01:45:20.592000+00:00,forced-psf,ATLAS forced-photometry service,atlas,atlas-forced:b3787df5cc8168e7394e50782238fba9,"[""southern-template-discontinuity-caution""]",6.769230769230769,5352761f-0cf0-4e36-be83-745a7e67f69a,https://fallingstar-data.com/forcedphot/resultdesc/,ATLAS tphot forced difference-flux measurement; source exposure 03a61275o0785o; chi/N=1.13; source mag5sig=19.29,0,ATLAS,19.043,0.143
219bb905-7899-4df3-a146-ca79fafae399,o,ATLAS Refcat2 image zeropoint,2026-08-26T21:00:21.052957Z,1,1,30.0,54.0,12.0,uJy,tphot PSF fitting,2461275.581094,,AB,61275.081094,2026-08-23T01:56:46.521600Z,o,2026-08-23 01:56:46.521600+00:00,forced-psf,ATLAS forced-photometry service,atlas,atlas-forced:4dba3e5604b96b81e4673a2fa265c837,"[""southern-template-discontinuity-caution""]",4.5,9f2f6058-30d9-43a5-add0-dbef007959d6,https://fallingstar-data.com/forcedphot/resultdesc/,ATLAS tphot forced difference-flux measurement; source exposure 03a61275o0802o; chi/N=1.42; source mag5sig=19.45,0,ATLAS,19.563,0.215
4155fad3-45c7-49bd-bd93-0afca17b97f9,o,ATLAS Refcat2 image zeropoint,2026-08-26T21:00:21.061766Z,1,1,30.0,72.0,14.0,uJy,tphot PSF fitting,2461275.584268,,AB,61275.084268,2026-08-23T02:01:20.755200Z,o,2026-08-23 02:01:20.755200+00:00,forced-psf,ATLAS forced-photometry service,atlas,atlas-forced:73cbd0f20008adde79d2c0db45269e9c,"[""southern-template-discontinuity-caution""]",5.142857142857143,53caf1b3-896e-4cd3-92bd-42c12e87ebe3,https://fallingstar-data.com/forcedphot/resultdesc/,ATLAS tphot forced difference-flux measurement; source exposure 03a61275o0809o; chi/N=0.85; source mag5sig=19.41,0,ATLAS,19.26,0.197
f95562ff-7c7a-456e-9be7-9c45be72e277,o,ATLAS Refcat2 image zeropoint,2026-08-26T21:00:21.070484Z,1,1,30.0,70.0,13.0,uJy,tphot PSF fitting,2461275.594243,,AB,61275.094243,2026-08-23T02:15:42.595200Z,o,2026-08-23 02:15:42.595200+00:00,forced-psf,ATLAS forced-photometry service,atlas,atlas-forced:0ee2087859d7d94ff5f834f0c008b8fe,"[""southern-template-discontinuity-caution""]",5.384615384615385,e2c680f3-dab3-4464-9a47-08824c8664f6,https://fallingstar-data.com/forcedphot/resultdesc/,ATLAS tphot forced difference-flux measurement; source exposure 03a61275o0831o; chi/N=0.98; source mag5sig=19.53,0,ATLAS,19.286,0.179
ca4076f0-3e7b-45ed-a5d3-592857fe6293,o,ATLAS Refcat2 image zeropoint,2026-08-26T21:00:21.079254Z,0,1,30.0,2.0,38.0,uJy,tphot PSF fitting,2461278.544344,18.75773787165882,AB,61278.044344,2026-08-26T01:03:51.321600Z,o,2026-08-26 01:03:51.321600+00:00,forced-psf,ATLAS forced-photometry service,atlas,atlas-forced:6072dc504b027767a1a878197cafcc99,"[""low-snr"",""southern-template-discontinuity-caution""]",0.05263157894736842,f8e2b0ee-687a-4b3a-9d84-726fab2efbd6,https://fallingstar-data.com/forcedphot/resultdesc/,ATLAS tphot forced difference-flux measurement; source exposure 03a61278o0735o; chi/N=0.91; source mag5sig=18.25,0,ATLAS,,
63ea3b1c-4ac7-4910-b4aa-5f340f704bfc,o,ATLAS Refcat2 image zeropoint,2026-08-26T21:00:21.087999Z,0,1,30.0,30.0,26.0,uJy,tphot PSF fitting,2461278.566804,19.1697634932738,AB,61278.066804,2026-08-26T01:36:11.865600Z,o,2026-08-26 01:36:11.865600+00:00,forced-psf,ATLAS forced-photometry service,atlas,atlas-forced:679d91941a8580ea3e7126bd8d66a5e7,"[""low-snr"",""southern-template-discontinuity-caution""]",1.1538461538461537,19c168f7-b99a-44f2-b56e-19ba50e99d82,https://fallingstar-data.com/forcedphot/resultdesc/,ATLAS tphot forced difference-flux measurement; source exposure 03a61278o0784o; chi/N=1.55; source mag5sig=18.5,0,ATLAS,,
c070a292-082c-4858-99bf-80b0e9446602,o,ATLAS Refcat2 image zeropoint,2026-08-26T21:00:21.096472Z,1,1,30.0,85.0,24.0,uJy,tphot PSF fitting,2461278.571972,,AB,61278.071972,2026-08-26T01:43:38.380800Z,o,2026-08-26 01:43:38.380800+00:00,forced-psf,ATLAS forced-photometry service,atlas,atlas-forced:d4b5f4bc7520dc3e5c394dc8e285fa68,"[""southern-template-discontinuity-caution""]",3.5416666666666665,0daa6365-a890-4667-a5db-21c22da50927,https://fallingstar-data.com/forcedphot/resultdesc/,ATLAS tphot forced difference-flux measurement; source exposure 03a61278o0795o; chi/N=1.5; source mag5sig=18.5,0,ATLAS,19.081,0.283
